거래일자,거래유형,거래가격(USD),주식수량,거래금액(KRW),거래금액(USD),드로우다운(%),거래사유,포트폴리오 가치(KRW),포트폴리오 가치(USD),현금잔고(KRW)
2024-02-13,BUY,56.13981246948242,13.702054484933003,1000000.0,769.2307692307693,5.856977494347439,고점대비 5.9% 하락 (매수단계: 1),100000000.0,769.2307692307693,99000000.0
2024-02-14,SELL,57.920772552490234,13.702054484933003,1031723.6557207231,793.6335813236332,5.856977494347439,드로우다운 51.0% 회복,100031723.65572073,0.0,100031723.65572073
2024-02-20,BUY,55.486793518066406,13.863312699449988,1000000.0,769.2307692307693,6.952050226790115,고점대비 7.0% 하락 (매수단계: 1),100031723.65572073,769.2307692307693,99031723.65572073
2024-02-21,BUY,54.79419708251953,14.038544411414865,1000000.0,769.2307692307693,8.113491972867708,고점대비 8.1% 하락 (매수단계: 1),100019241.47047207,1528.8598575010278,98031723.65572073
2024-02-22,SELL,59.53352737426758,13.863312699449988,1072931.4779179583,825.3319060907372,6.952050226790115,드로우다운 97.6% 회복,101264079.89997202,77895.44607690156,99104655.13363868
2024-02-22,SELL,59.53352737426758,14.038544411414865,1086493.2884153894,835.7640680118379,8.113491972867708,드로우다운 98.0% 회복,100191148.42205407,0.0,100191148.42205407
2024-03-05,BUY,58.41548538208008,13.168268040562129,1000000.0,769.2307692307693,6.478696199246896,고점대비 6.5% 하락 (매수단계: 1),100191148.42205407,769.2307692307693,99191148.42205407
2024-03-06,SELL,59.493953704833984,13.168268040562129,1018462.0279314627,783.4323291780482,6.478696199246896,드로우다운 26.7% 회복,100209610.44998553,0.0,100209610.44998553
2024-03-11,BUY,58.73209762573242,13.09728070896866,1000000.0,769.2307692307693,5.971810231733695,고점대비 6.0% 하락 (매수단계: 1),100209610.44998553,769.2307692307693,99209610.44998553
2024-03-12,SELL,61.225440979003906,13.09728070896866,1042452.8231421292,801.8867870324071,5.971810231733695,드로우다운 66.8% 회복,100252063.27312766,0.0,100252063.27312766
2024-03-14,BUY,59.31585693359375,12.96838331260983,1000000.0,769.2307692307693,5.037230450021153,고점대비 5.0% 하락 (매수단계: 1),100252063.27312766,769.2307692307693,99252063.27312766
2024-03-15,BUY,57.14902114868164,13.460086520633512,1000000.0,769.2307692307693,8.506264498127743,고점대비 8.5% 하락 (매수단계: 1),100215532.80898318,1510.3611814273183,98252063.27312766
2024-03-18,SELL,58.76177978515625,13.460086520633512,1028220.2320190014,790.9386400146165,8.506264498127743,드로우다운 30.4% 회복,101299162.60686627,77922.43277451252,99280283.50514667
2024-03-18,BUY,58.76177978515625,13.0906649193271,1000000.0,769.2307692307693,5.924290053979771,고점대비 5.9% 하락 (매수단계: 1),100270942.37484726,1531.2760536158432,98280283.50514667
2024-03-19,SELL,59.167442321777344,13.0906649193271,1006903.5100384003,774.5411615680002,5.924290053979771,드로우다운 11.0% 회복,101291588.41837567,77916.60647567359,99287187.01518507
2024-03-19,BUY,59.167442321777344,13.000912986019744,1000000.0,769.2307692307693,5.274837445997785,고점대비 5.3% 하락 (매수단계: 1),100284684.90833728,1536.536840886311,98287187.01518507
2024-03-20,SELL,61.26762008666992,12.96838331260983,1032904.5765158758,794.5419819352891,5.037230450021153,드로우다운 62.0% 회복,101388491.66510633,77991.14743469718,99320091.59170094
2024-03-20,SELL,61.26762008666992,13.000912986019744,1035495.4968895044,796.5349976073111,5.274837445997785,드로우다운 63.7% 회복,100355587.08859044,0.0,100355587.08859044
2024-04-04,BUY,57.41481018066406,13.397776058307475,1000000.0,769.2307692307693,8.080744849624379,고점대비 8.1% 하락 (매수단계: 1),100355587.08859044,769.2307692307693,99355587.08859044
2024-04-05,SELL,59.44051742553711,13.397776058307475,1035281.9636344501,796.3707412572693,8.080744849624379,드로우다운 40.1% 회복,100390869.05222489,0.0,100390869.05222489
2024-04-10,BUY,58.517032623291016,13.145416552181752,1000000.0,769.2307692307693,6.316122348609514,고점대비 6.3% 하락 (매수단계: 1),100390869.05222489,769.2307692307693,99390869.05222489
2024-04-11,SELL,61.26762008666992,13.145416552181752,1047004.9033601221,805.3883872000939,6.316122348609514,드로우다운 69.7% 회복,100437873.95558502,0.0,100437873.95558502
2024-04-12,BUY,58.308502197265625,13.192428895332563,1000000.0,769.2307692307693,6.649972819875197,고점대비 6.6% 하락 (매수단계: 1),100437873.95558502,769.2307692307693,99437873.95558502
2024-04-15,BUY,55.37917709350586,27.78050558360408,2000000.0,1538.4615384615386,11.339727619788743,고점대비 11.3% 하락 (매수단계: 2),100387635.56849955,2269.0473945496447,97437873.95558502
2024-04-16,SELL,55.38910675048828,27.78050558360408,2000358.6061586165,1538.737389352782,11.339727619788743,드로우다운 0.1% 회복,102388523.07599859,78760.40236615276,99438232.56174363
2024-04-16,BUY,55.38910675048828,27.775525346380068,2000000.0,1538.4615384615386,11.323830559938663,고점대비 11.3% 하락 (매수단계: 2),100388164.46983998,2269.1783908433404,97438232.56174363
2024-04-17,BUY,53.33361053466797,28.846003918326627,2000000.0,1538.4615384615386,14.614613557010198,고점대비 14.6% 하락 (매수단계: 2),100278692.15245211,3723.430454391139,95438232.56174363
2024-04-18,BUY,52.380340576171875,58.74194484185518,4000000.0,3076.923076923077,16.140767945859853,고점대비 16.1% 하락 (매수단계: 3),100192175.13875514,6733.801982316548,91438232.56174363
2024-04-19,BUY,49.13325500488281,125.24808611264594,8000000.0,6153.846153846154,21.33924698259696,고점대비 21.3% 하락 (매수단계: 4),99649513.5156912,12470.216118421215,83438232.56174363
2024-04-22,SELL,50.56316375732422,125.24808611264594,8232821.33492671,6332.939488405162,21.33924698259696,드로우다운 10.7% 회복,108354126.35968918,83349.32796899167,91671053.89667034
2024-04-22,BUY,50.56316375732422,60.85305681603786,4000000.0,3076.923076923077,19.050009292115465,고점대비 19.1% 하락 (매수단계: 3),100121305.02476247,9577.116252378555,87671053.89667034
2024-04-23,SELL,52.81725311279297,58.74194484185518,4033364.6197649846,3102.588169049988,16.140767945859853,드로우다운 4.3% 회복,104709697.78073026,80545.92136979252,91704418.51643533
2024-04-23,SELL,52.81725311279297,60.85305681603786,4178318.695901796,3214.0913045398433,19.050009292115465,드로우다운 18.9% 회복,108888016.47663206,83760.01267433235,95882737.21233712
2024-04-23,BUY,52.81725311279297,58.25602233331232,4000000.0,3076.923076923077,15.441285098042353,고점대비 15.4% 하락 (매수단계: 3),100676333.16096526,6764.304575867808,91882737.21233712
2024-04-24,SELL,53.33361053466797,58.25602233331232,4039105.2083509383,3107.0040064237987,15.441285098042353,드로우다운 5.4% 회복,104801407.21974748,80616.46709211345,95921842.42068806
2024-04-24,BUY,53.33361053466797,28.846003918326627,2000000.0,1538.4615384615386,14.614613557010198,고점대비 14.6% 하락 (매수단계: 2),100762302.01139654,5261.8919928526775,93921842.42068806
2024-04-25,BUY,52.479637145996094,58.63079937773216,4000000.0,3076.923076923077,15.981797347359064,고점대비 16.0% 하락 (매수단계: 3),100652773.13461155,8254.562087633452,89921842.42068806
2024-04-26,SELL,54.892608642578125,28.846003918326627,2058462.1251882722,1583.4324039909786,14.614613557010198,드로우다운 17.1% 회복,103204634.82108985,79388.18063160758,91980304.54587634
2024-04-26,SELL,54.892608642578125,28.846003918326627,2058462.1251882722,1583.4324039909786,14.614613557010198,드로우다운 17.1% 회복,105263096.94627813,80971.61303559855,94038766.67106462
2024-04-26,SELL,54.892608642578125,58.63079937773216,4183916.7820363743,3218.3975246433647,15.981797347359064,드로우다운 24.2% 회복,109447013.7283145,84190.01056024192,98222683.453101
2024-04-26,BUY,54.892608642578125,28.0267521712971,2000000.0,1538.4615384615386,12.118707981270662,고점대비 12.1% 하락 (매수단계: 2),101146172.69590159,3787.2994175389185,96222683.453101
2024-04-29,SELL,55.5479850769043,27.775525346380068,2005736.807677066,1542.874467443897,11.323830559938663,드로우다운 2.2% 회복,103210692.25965789,79392.84019973683,98228420.26077805
2024-04-29,SELL,55.5479850769043,28.0267521712971,2023878.4947748983,1556.8296113653064,12.118707981270662,드로우다운 8.7% 회복,105234570.75443278,80949.66981110214,100252298.75555295
2024-04-29,BUY,55.5479850769043,27.69608179903539,2000000.0,1538.4615384615386,11.069471495130388,고점대비 11.1% 하락 (매수단계: 2),101204955.45198081,2271.2743818675926,98252298.75555295
2024-04-30,BUY,52.37041091918945,58.753082569295586,4000000.0,3076.923076923077,16.156665005709932,고점대비 16.2% 하락 (매수단계: 3),101036051.29457198,5218.271183860799,94252298.75555295
2024-05-01,BUY,51.238399505615234,60.05111608893787,4000000.0,3076.923076923077,17.968978686275037,고점대비 18.0% 하락 (매수단계: 3),100889417.24747844,8182.39883994269,90252298.75555295
2024-05-02,SELL,53.135013580322266,58.753082569295586,4058399.5922669116,3121.8458402053166,16.156665005709932,드로우다운 7.6% 회복,105341554.91198748,81031.96531691345,94310698.34781986
2024-05-02,SELL,53.135013580322266,60.05111608893787,4148061.929568989,3190.8168688992223,17.968978686275037,드로우다운 16.9% 회복,109489616.84155646,84222.78218581266,98458760.27738886
2024-05-02,BUY,53.135013580322266,28.953818486108077,2000000.0,1538.4615384615386,14.932560861218791,고점대비 14.9% 하락 (매수단계: 2),101283155.31972057,3711.073109485932,96458760.27738886
2024-05-03,SELL,56.30266189575195,27.69608179903539,2027172.0681786328,1559.363129368179,11.069471495130388,드로우다운 10.9% 회복,103597934.10518569,79690.71854245053,98485932.3455675
2024-05-03,SELL,56.30266189575195,28.953818486108077,2119230.1686586104,1630.1770528143156,14.932560861218791,드로우다운 34.0% 회복,105717164.2738443,81320.89559526485,100605162.51422611
2024-05-03,BUY,56.30266189575195,13.662422758182379,1000000.0,769.2307692307693,9.861258303282312,고점대비 9.9% 하락 (매수단계: 1),101570762.03700706,1511.999632908427,99605162.51422611
2024-05-06,SELL,58.149627685546875,13.662422758182379,1032804.235672102,794.4647966708477,9.861258303282312,드로우다운 30.0% 회복,102668046.26266144,78975.42020204726,100637966.74989821
2024-05-06,BUY,58.149627685546875,13.228472818269859,1000000.0,769.2307692307693,6.904325777476463,고점대비 6.9% 하락 (매수단계: 1),101635242.02698934,1536.3655977624082,99637966.74989821
2024-05-07,BUY,58.149627685546875,13.228472818269859,1000000.0,769.2307692307693,6.904325777476463,고점대비 6.9% 하락 (매수단계: 1),101635242.02698934,2305.5963669931775,98637966.74989821
2024-05-08,BUY,58.04039764404297,13.253368351271453,1000000.0,769.2307692307693,7.079199543034342,고점대비 7.1% 하락 (매수단계: 1),101629611.8533159,3070.4962333982267,97637966.74989821
2024-05-09,SELL,58.358150482177734,13.192428895332563,1000851.4759090218,769.8857506992475,6.649972819875197,드로우다운 1.2% 회복,102652316.32493003,78963.32024994618,98638818.22580723
2024-05-09,SELL,58.358150482177734,13.228472818269859,1003585.9695913872,771.9892073779902,6.904325777476463,드로우다운 4.8% 회복,103655902.29452142,79735.30945732417,99642404.19539863
2024-05-09,SELL,58.358150482177734,13.228472818269859,1003585.9695913872,771.9892073779902,6.904325777476463,드로우다운 4.8% 회복,104659488.26411282,80507.29866470216,100645990.16499002
2024-05-09,SELL,58.358150482177734,13.253368351271453,1005474.6840310006,773.4420646392313,7.079199543034342,드로우다운 7.2% 회복,105664962.94814381,81280.74072934139,101651464.84902102
2024-05-09,BUY,58.358150482177734,13.181205416468574,1000000.0,769.2307692307693,6.570487520624802,고점대비 6.6% 하락 (매수단계: 1),101651464.84902102,769.2307692307693,100651464.84902102
2024-05-10,SELL,58.755348205566406,13.181205416468574,1006806.2082178218,774.466314013709,6.570487520624802,드로우다운 9.7% 회복,102665077.26545665,78973.13635804357,101658271.05723883
2024-05-10,BUY,58.755348205566406,13.092097872341318,1000000.0,769.2307692307693,5.934586805000606,고점대비 5.9% 하락 (매수단계: 1),101658271.05723883,769.2307692307693,100658271.05723883
2024-05-13,SELL,59.142616271972656,13.092097872341318,1006591.1968566899,774.3009206589923,5.934586805000606,드로우다운 10.4% 회복,102671453.45095222,78978.04111611709,101664862.25409552
2024-05-13,BUY,59.142616271972656,13.006370325137329,1000000.0,769.2307692307693,5.314583149226489,고점대비 5.3% 하락 (매수단계: 1),101664862.25409552,769.2307692307693,100664862.25409552
2024-05-14,SELL,60.24483871459961,13.006370325137329,1018636.6872503288,783.5666825002529,5.314583149226489,드로우다운 33.2% 회복,101683498.94134586,0.0,101683498.94134586
2024-05-30,BUY,62.161312103271484,12.374751162794157,1000000.0,769.2307692307693,5.237656982406712,고점대비 5.2% 하락 (매수단계: 1),101683498.94134586,769.2307692307693,100683498.94134586
2024-05-31,BUY,62.091800689697266,12.388604625512267,1000000.0,769.2307692307693,5.3436242503725895,고점대비 5.3% 하락 (매수단계: 1),101682380.69896612,1537.6013520155836,99683498.94134586
2024-06-03,SELL,62.69752883911133,12.374751162794157,1008626.213277947,775.8663179061131,5.237656982406712,드로우다운 15.6% 회복,102710506.73242147,79008.08210186267,100692125.1546238
2024-06-03,SELL,62.69752883911133,12.388604625512267,1009755.3645197243,776.7348957844033,5.3436242503725895,드로우다운 17.3% 회복,101701880.51914354,0.0,101701880.51914354
2024-06-24,BUY,71.37628173828125,10.77712022113093,1000000.0,769.2307692307693,6.527963433789235,고점대비 6.5% 하락 (매수단계: 1),101701880.51914354,769.2307692307692,100701880.51914354
2024-06-25,SELL,73.75946044921875,10.77712022113093,1033388.9445190773,794.9145727069825,6.527963433789235,드로우다운 47.8% 회복,101735269.46366261,0.0,101735269.46366261
2024-07-11,BUY,79.09527587890625,9.725369317991262,1000000.0,769.2307692307693,6.570125604136402,고점대비 6.6% 하락 (매수단계: 1),101735269.46366261,769.2307692307692,100735269.46366261
2024-07-12,SELL,80.38114166259766,9.725369317991262,1016257.1755316973,781.7362888705364,6.570125604136402,드로우다운 23.1% 회복,102767783.81472601,79052.14139594308,101751526.63919431
2024-07-12,BUY,80.38114166259766,9.569791537169742,1000000.0,769.2307692307693,5.051219736178412,고점대비 5.1% 하락 (매수단계: 1),101751526.63919431,769.2307692307692,100751526.63919431
2024-07-15,SELL,80.97920989990234,9.569791537169742,1007440.404862811,774.9541575867777,5.051219736178412,드로우다운 14.0% 회복,101758967.04405712,0.0,101758967.04405712
2024-07-17,BUY,73.91197204589844,20.814781365949383,2000000.0,1538.4615384615386,12.692810185386705,고점대비 12.7% 하락 (매수단계: 2),101758967.04405712,1538.4615384615386,99758967.04405712
2024-07-18,BUY,72.80553436279297,21.131107022651896,2000000.0,1538.4615384615386,13.999769831341528,고점대비 14.0% 하락 (매수단계: 2),101729027.70804757,3053.8928184541887,97758967.04405712
2024-07-19,BUY,70.83189392089844,43.439796772330176,4000000.0,3076.923076923077,16.331097164608714,고점대비 16.3% 하락 (매수단계: 3),101621405.77584414,6048.029793682328,93758967.04405712
2024-07-22,SELL,73.92194366455078,20.814781365949383,2000269.824180747,1538.6690955236515,12.692810185386705,드로우다운 0.1% 회복,103964675.41893095,79972.8272453315,95759236.86823787
2024-07-22,SELL,73.92194366455078,21.131107022651896,2030668.253767487,1562.052502898067,13.999769831341528,드로우다운 9.4% 회복,105995343.67269844,81534.87974822956,97789905.12200536
2024-07-22,SELL,73.92194366455078,43.439796772330176,4174500.472744844,3211.154209803726,16.331097164608714,드로우다운 22.4% 회복,110169844.14544328,84746.0339580333,101964405.5947502
2024-07-22,BUY,73.92194366455078,20.81197357908903,2000000.0,1538.4615384615386,12.681031389904177,고점대비 12.7% 하락 (매수단계: 2),101964405.5947502,1538.4615384615386,99964405.5947502
2024-07-23,BUY,73.12451171875,21.038930753872762,2000000.0,1538.4615384615386,13.622983557180014,고점대비 13.6% 하락 (매수단계: 2),101942830.62238693,3060.3269443359495,97964405.5947502
2024-07-24,BUY,65.23989868164062,94.32642107364168,8000000.0,6153.846153846154,22.93654113102211,고점대비 22.9% 하락 (매수단계: 4),101513858.9806929,8884.194912263616,89964405.5947502
2024-07-25,BUY,63.066898345947266,195.1529666193456,16000000.0,12307.692307692309,25.50335875912958,고점대비 25.5% 하락 (매수단계: 5),101129171.59472382,20895.97384613355,73964405.5947502
2024-07-26,SELL,64.87109375,195.1529666193456,16457722.311100446,12659.786393154189,25.50335875912958,드로우다운 8.4% 회복,118364013.87294993,91049.24144073071,90422127.90585065
2024-07-26,BUY,64.87109375,94.86268533658189,8000000.0,6153.846153846154,23.37218533425509,고점대비 23.4% 하락 (매수단계: 4),101906291.56184949,14987.818196922184,82422127.90585065
2024-07-29,SELL,65.24987030029297,94.32642107364168,8001222.763229724,6154.786740945941,22.93654113102211,드로우다운 0.1% 회복,110021280.62480286,84631.75432677144,90423350.66908038
2024-07-29,SELL,65.24987030029297,94.86268533658189,8046711.2889143145,6189.777914549472,23.37218533425509,드로우다운 1.9% 회복,118067991.91371717,90821.53224132089,98470061.95799468
2024-07-29,BUY,65.24987030029297,94.31200591702209,8000000.0,6153.846153846154,22.92476233553958,고점대비 22.9% 하락 (매수단계: 4),102020057.86157313,8884.61223352188,90470061.95799468
2024-07-30,BUY,62.58843994140625,196.64481682583022,16000000.0,12307.692307692309,26.06852915828655,고점대비 26.1% 하락 (매수단계: 5),101548953.32755135,20829.916438120516,74470061.95799468
2024-07-31,SELL,68.0608139038086,94.31200591702209,8344637.448697336,6418.951883613336,22.92476233553958,드로우다운 14.5% 회복,112261213.61842549,86354.77970648115,82814699.40669203
2024-07-31,SELL,68.0608139038086,196.64481682583022,17398948.168070767,13383.80628313136,26.06852915828655,드로우다운 24.8% 회복,129660161.78649625,99738.5859896125,100213647.57476279
2024-07-31,BUY,68.0608139038086,45.20843787251414,4000000.0,3076.923076923077,19.604385677237033,고점대비 19.6% 하락 (매수단계: 3),103916576.16972815,5925.3296884348865,96213647.57476279
2024-08-01,BUY,63.156612396240234,194.87575157569717,16000000.0,12307.692307692309,25.397385648127997,고점대비 25.4% 하락 (매수단계: 5),103361532.64524853,17806.06543883519,80213647.57476279
2024-08-02,BUY,58.55144119262695,420.4061268859816,32000000.0,24615.384615384617,30.837161441865156,고점대비 30.8% 하락 (매수단계: 6),101673665.45752876,41123.09067905074,48213647.57476279
2024-08-05,BUY,53.4478759765625,693.8988787434555,48213647.57476279,37087.42121135599,36.865656213639056,고점대비 36.9% 하락 (매수단계: 7),97013887.96684206,74626.06766680158,0.0
2024-08-06,SELL,54.783573150634766,693.8988787434555,49418537.9776212,38014.25998278554,36.865656213639056,드로우다운 4.3% 회복,148856866.08610514,114505.28160469625,49418537.9776212
2024-08-06,BUY,54.783573150634766,693.8988787434555,49418537.9776212,38014.25998278554,35.28788791056695,고점대비 35.3% 하락 (매수단계: 7),99438328.10848394,76491.02162191072,0.0
2024-08-08,SELL,57.873626708984375,693.8988787434555,52205978.086836025,40158.44468218156,35.28788791056695,드로우다운 10.3% 회복,157253099.8890624,120963.92299158647,52205978.086836025
2024-08-08,BUY,57.873626708984375,425.32991303901287,32000000.0,24615.384615384617,31.637817629819764,고점대비 31.6% 하락 (매수단계: 6),105047121.80222636,65262.41824260796,20205978.086836025
2024-08-09,SELL,58.66108703613281,420.4061268859816,32059924.519716684,24661.480399782064,30.837161441865156,드로우다운 0.4% 회복,138261441.4857664,106354.95498905108,52265902.606552705
2024-08-09,SELL,58.66108703613281,425.32991303901287,32435409.562208034,24950.315047852335,31.637817629819764,드로우다운 2.9% 회복,170696851.04797444,131305.2700369034,84701312.16876075
2024-08-09,BUY,58.66108703613281,419.62032855310974,32000000.0,24615.384615384617,30.707644258026455,고점대비 30.7% 하락 (매수단계: 6),106201516.9660497,41154.00369022228,52701312.16876075
2024-08-12,SELL,59.0598030090332,419.62032855310974,32217502.125812188,24782.693942932452,30.707644258026455,드로우다운 1.5% 회복,138782656.85044932,106755.88988496101,84918814.29457293
2024-08-12,BUY,59.0598030090332,416.7874486750268,32000000.0,24615.384615384617,30.236668174388537,고점대비 30.2% 하락 (매수단계: 6),106565154.72463715,41266.41571543401,52918814.294572935
2024-08-13,SELL,63.3559684753418,194.87575157569717,16050504.565469932,12346.541973438409,25.397385648127997,드로우다운 0.9% 회복,126518035.24476823,97321.56557289865,68969318.86004287
2024-08-13,SELL,63.3559684753418,416.7874486750268,34327764.196925074,26405.972459173136,30.236668174388537,드로우다운 16.8% 회복,160845799.4416933,123727.53803207177,103297083.05696794
2024-08-13,BUY,63.3559684753418,194.26255495537842,16000000.0,12307.692307692309,25.16189985933036,고점대비 25.2% 하락 (매수단계: 5),110467530.67929831,17823.421247946437,87297083.05696794
2024-08-14,SELL,63.465614318847656,194.26255495537842,16027690.106209593,12328.992389391995,25.16189985933036,드로우다운 0.5% 회복,126535320.29523203,97334.8617655631,103324773.16317753
2024-08-14,BUY,63.465614318847656,193.92693885950837,16000000.0,12307.692307692309,25.03238267549166,고점대비 25.0% 하락 (매수단계: 5),110507630.18902244,17832.966942957617,87324773.16317753
2024-08-15,SELL,68.240234375,45.20843787251414,4010544.7149923886,3085.034396147991,19.604385677237033,드로우다운 1.1% 회복,116262258.45701432,89432.50650539564,91335317.87816992
2024-08-15,SELL,68.240234375,193.92693885950837,17203705.68721889,13233.619759399146,25.03238267549166,드로우다운 22.5% 회복,133465964.14423321,102666.12626479477,108539023.56538881
2024-08-15,BUY,68.240234375,45.08957369657447,4000000.0,3076.923076923077,19.39244846731916,고점대비 19.4% 하락 (매수단계: 3),112251713.74202193,5932.838597410092,104539023.56538881
2024-08-16,SELL,68.41966247558594,45.08957369657447,4010517.4375339877,3085.013413487683,19.39244846731916,드로우다운 1.1% 회복,116282510.61384386,89448.0850875722,108549541.0029228
2024-08-16,BUY,68.41966247558594,44.9713279135367,4000000.0,3076.923076923077,19.180502245315992,고점대비 19.2% 하락 (매수단계: 3),112271993.17630987,5940.34782568236,104549541.0029228
2024-08-19,SELL,71.07112884521484,44.9713279135367,4155011.9526283857,3196.1630404833736,19.180502245315992,드로우다운 16.3% 회복,116726273.22655727,89789.44094350559,108704552.95555119
2024-08-19,BUY,71.07112884521484,43.29357260701852,4000000.0,3076.923076923077,16.048505205966254,고점대비 16.0% 하락 (매수단계: 3),112571261.27392888,6051.314091059765,104704552.95555119
2024-08-20,BUY,70.63253784179688,43.56240297941418,4000000.0,3076.923076923077,16.566582953406346,고점대비 16.6% 하락 (매수단계: 3),112522714.59187931,9090.893566406237,100704552.95555119
2024-08-21,SELL,71.59942626953125,43.29357260701852,4029733.4477670663,3099.79495982082,16.048505205966254,드로우다운 3.9% 회복,116714226.79023938,89780.17445403029,104734286.40331826
2024-08-21,SELL,71.59942626953125,43.56240297941418,4054755.9783226266,3119.0430602481742,16.566582953406346,드로우다운 6.9% 회복,120768982.768562,92899.21751427847,108789042.38164088
2024-08-21,BUY,71.59942626953125,42.974130342053385,4000000.0,3076.923076923077,15.424463359609872,고점대비 15.4% 하락 (매수단계: 3),112684493.34247231,6073.42381602418,104789042.38164088
2024-08-22,BUY,68.16049194335938,45.1423249626773,4000000.0,3076.923076923077,19.486642782838214,고점대비 19.5% 하락 (매수단계: 3),112305273.3019709,8858.63916948463,100789042.38164088
2024-08-23,SELL,70.30359649658203,45.1423249626773,4125768.1388217416,3173.6677990936473,19.486642782838214,드로우다운 13.0% 회복,116793135.17306545,89840.87321005035,104914810.52046262
2024-08-23,BUY,70.30359649658203,43.76622577299682,4000000.0,3076.923076923077,16.955139010965095,고점대비 17.0% 하락 (매수단계: 3),112667367.03424372,9040.428087523924,100914810.52046262
2024-08-26,BUY,68.240234375,45.08957369657447,4000000.0,3076.923076923077,19.39244846731916,고점대비 19.4% 하락 (매수단계: 3),112322437.59747633,11852.020828472083,96914810.52046262
2024-08-27,SELL,68.81837463378906,45.08957369657447,4033888.5271473136,3102.991174728703,19.39244846731916,드로우다운 3.5% 회복,116486861.5717424,89605.27813210954,100948699.04760993
2024-08-27,BUY,68.81837463378906,44.71077809228499,4000000.0,3076.923076923077,18.70953066772072,고점대비 18.7% 하락 (매수단계: 3),112452973.04459509,11926.364613065509,96948699.04760993
2024-08-28,BUY,66.48588562011719,92.55868514721467,8000000.0,6153.846153846154,21.464741432908944,고점대비 21.5% 하락 (매수단계: 4),111927480.41337025,17675.98566596948,88948699.04760993
2024-08-29,BUY,66.13700866699219,93.04693813461554,8000000.0,6153.846153846154,21.876846069347454,고점대비 21.9% 하락 (매수단계: 4),111806901.93036383,23737.079140579932,80948699.04760993
2024-08-30,SELL,68.38975524902344,92.55868514721467,8229085.570406263,6330.065823389433,21.464741432908944,드로우다운 10.5% 회복,121087073.9117351,93143.903009027,89177784.61801618
2024-08-30,SELL,68.38975524902344,93.04693813461554,8272494.523406598,6363.457325697383,21.876846069347454,드로우다운 12.2% 회복,129359568.4351417,99507.36033472438,97450279.14142278
2024-08-30,BUY,68.38975524902344,44.990994129446214,4000000.0,3076.923076923077,19.215829619678285,고점대비 19.2% 하락 (매수단계: 3),112857988.34132884,14929.007076850816,93450279.14142278
2024-09-03,BUY,62.14984893798828,198.0325377777289,16000000.0,12307.692307692309,26.58660690572665,고점대비 26.6% 하락 (매수단계: 5),111087221.84745464,25874.57131233219,77450279.14142278
2024-09-04,BUY,61.621551513671875,199.73032170346474,16000000.0,12307.692307692309,27.21064875208303,고점대비 27.2% 하락 (매수단계: 5),110801295.00294682,37962.31989348004,61450279.14142278
2024-09-05,SELL,61.8209114074707,199.73032170346474,16051763.68044017,12347.510523415516,27.21064875208303,드로우다운 0.9% 회복,127012720.57179037,97702.09274753105,77502042.82186295
2024-09-05,BUY,61.8209114074707,199.08623194780324,16000000.0,12307.692307692309,26.97515845724275,고점대비 27.0% 하락 (매수단계: 5),110960956.89135018,38045.318514990184,61502042.82186295
2024-09-06,BUY,56.80706024169922,433.31558631361276,32000000.0,24615.384615384617,32.89768011801506,고점대비 32.9% 하락 (매수단계: 6),106949698.75362039,59575.11994750572,29502042.82186295
2024-09-09,SELL,58.92025375366211,433.31558631361276,33190383.591319423,25531.06430101494,32.89768011801506,드로우다운 7.6% 회복,143021095.43266845,110016.2272558988,62692426.41318238
2024-09-09,BUY,58.92025375366211,417.77458593946875,32000000.0,24615.384615384617,30.40150822654688,고점대비 30.4% 하락 (매수단계: 6),109830711.84134904,60875.60417551281,30692426.413182378
2024-09-10,SELL,60.505149841308594,417.77458593946875,32860768.098805673,25277.51392215821,30.40150822654688,드로우다운 6.2% 회복,144820220.92424044,111400.16994172342,63553194.51198805
2024-09-10,BUY,60.505149841308594,203.4156156950709,16000000.0,12307.692307692309,28.52937818143509,고점대비 28.5% 하락 (매수단계: 5),111959452.82543476,49543.27562572824,47553194.51198805
2024-09-11,SELL,64.36272430419922,198.0325377777289,16569687.721923545,12745.913632248881,26.58660690572665,드로우다운 9.8% 회복,132635434.60616028,102027.25738935407,64122882.233911596
2024-09-11,SELL,64.36272430419922,199.08623194780324,16657851.937503815,12813.732259618318,26.97515845724275,드로우다운 11.1% 회복,149293286.5436641,114840.98964897238,80780734.17141542
2024-09-11,SELL,64.36272430419922,203.4156156950709,17020098.149796024,13092.383192150788,28.52937818143509,드로우다운 16.0% 회복,166313384.69346014,127933.37284112319,97800832.32121144
2024-09-11,BUY,64.36272430419922,95.61195894631605,8000000.0,6153.846153846154,23.972687613817005,고점대비 24.0% 하락 (매수단계: 4),116065746.88423675,20203.780433096388,89800832.32121144
2024-09-12,SELL,66.2666015625,95.61195894631605,8236643.4645373225,6335.879588105633,23.972687613817005,드로우다운 9.4% 회복,125079317.89602046,96214.85992001573,98037475.78574876
2024-09-12,BUY,66.2666015625,92.8649728331412,8000000.0,6153.846153846154,21.72376678850105,고점대비 21.7% 하락 (매수단계: 4),116842674.43148313,20619.383573641822,90037475.78574876
2024-09-13,SELL,67.13379669189453,92.8649728331412,8104691.667771933,6234.37820597841,21.72376678850105,드로우다운 4.7% 회복,125298151.21815255,96383.19324473273,98142167.4535207
2024-09-13,BUY,67.13379669189453,91.6653974165764,8000000.0,6153.846153846154,20.699408113273982,고점대비 20.7% 하락 (매수단계: 4),117193459.55038062,20808.686228353785,90142167.4535207
2024-09-16,BUY,66.23668670654297,92.90691397518631,8000000.0,6153.846153846154,21.75910317494864,고점대비 21.8% 하락 (매수단계: 4),116831972.706904,26684.465579525608,82142167.4535207
2024-09-17,SELL,66.27655792236328,92.90691397518631,8004815.605103795,6157.550465464458,21.75910317494864,드로우다운 0.2% 회복,124857669.86241126,96044.36143262405,90146983.05862449
2024-09-17,BUY,66.27655792236328,92.85102224311049,8000000.0,6153.846153846154,21.71200601718911,고점대비 21.7% 하락 (매수단계: 4),116852854.25730747,26696.823998986903,82146983.05862449
2024-09-18,BUY,65.40935516357422,94.08204894325523,8000000.0,6153.846153846154,22.73637370450147,고점대비 22.7% 하락 (매수단계: 4),116398741.54848316,32501.352684506666,74146983.05862449
2024-09-19,SELL,70.35343170166016,43.76622577299682,4002835.428487961,3079.10417575997,16.955139010965095,드로우다운 0.3% 회복,123595247.47441266,95073.26728800974,78149818.48711245
2024-09-19,SELL,70.35343170166016,44.71077809228499,4089223.674696752,3145.556672843655,18.70953066772072,드로우다운 9.7% 회복,127684471.14910942,98218.8239608534,82239042.1618092
2024-09-19,SELL,70.35343170166016,44.990994129446214,4114852.0824785237,3165.2708326757875,19.215829619678285,드로우다운 12.1% 회복,131799323.23158795,101384.09479352919,86353894.24428773
2024-09-19,SELL,70.35343170166016,91.6653974165764,8383667.859518436,6448.975276552643,20.699408113273982,드로우다운 18.4% 회복,140182991.09110638,107833.07007008184,94737562.10380617
2024-09-19,SELL,70.35343170166016,92.85102224311049,8492104.467353003,6532.388051810002,21.71200601718911,드로우다운 22.2% 회복,148675095.5584594,114365.45812189185,103229666.57115917
2024-09-19,SELL,70.35343170166016,94.08204894325523,8604693.506086022,6618.995004681555,22.73637370450147,드로우다운 25.7% 회복,157279789.0645454,120984.45312657338,111834360.07724519
2024-09-19,BUY,70.35343170166016,43.7352237481611,4000000.0,3076.923076923077,16.896272069808333,고점대비 16.9% 하락 (매수단계: 3),119592412.04592472,9044.65536052271,107834360.07724519
2024-09-20,BUY,69.90487670898438,44.01585728750198,4000000.0,3076.923076923077,17.426119600645663,고점대비 17.4% 하락 (매수단계: 3),119517445.79641668,12063.912091670383,103834360.07724519
2024-09-23,SELL,70.42321014404297,43.7352237481611,4003967.308527534,3079.9748527134875,16.896272069808333,드로우다운 0.5% 회복,123637700.66706923,95105.92359005325,107838327.38577272
2024-09-23,SELL,70.42321014404297,44.01585728750198,4029659.357656344,3099.737967427957,17.426119600645663,드로우다운 3.5% 회복,127667360.02472557,98205.6615574812,111867986.74342906
2024-09-23,BUY,70.42321014404297,43.69188894725997,4000000.0,3076.923076923077,16.813847537686513,고점대비 16.8% 하락 (매수단계: 3),119633733.3585417,9050.574319317404,107867986.74342906
2024-09-24,SELL,71.41999816894531,43.69188894725997,4056617.01719439,3120.474628611069,16.813847537686513,드로우다운 7.0% 회복,123856885.74533924,95274.5274964148,111924603.76062346
2024-09-24,BUY,71.41999816894531,43.08209403260638,4000000.0,3076.923076923077,15.636409581613039,고점대비 15.6% 하락 (매수단계: 3),119800268.72814485,9135.126898093384,107924603.76062346
2024-09-25,SELL,71.66999816894531,42.974130342053385,4003942.5958050783,3079.955842926983,15.424463359609872,드로우다운 0.5% 회복,123845781.14077991,95265.98549290762,111928546.35642853
2024-09-25,SELL,71.66999816894531,43.08209403260638,4014001.680560597,3087.693600431229,15.636409581613039,드로우다운 1.9% 회복,127859782.82134052,98353.67909333885,115942548.03698914
2024-09-25,BUY,71.66999816894531,42.93181464397345,4000000.0,3076.923076923077,15.341101570617214,고점대비 15.3% 하락 (매수단계: 3),119841838.54497483,6076.3773138351535,111942548.03698914
2024-09-26,SELL,73.19000244140625,21.038930753872762,2001791.2112126818,1539.8393932405245,13.622983557180014,드로우다운 0.6% 회복,122011160.87978606,93854.73913829697,113944339.24820182
2024-09-26,SELL,73.19000244140625,42.93181464397345,4084833.504188343,3142.1796186064175,15.341101570617214,드로우다운 11.7% 회복,126095994.3839744,96996.91875690338,118029172.75239016
2024-09-26,BUY,73.19000244140625,21.020105029962053,2000000.0,1538.4615384615386,13.545623816994828,고점대비 13.5% 하락 (매수단계: 2),120009369.66857338,3061.689935525547,116029172.75239016
2024-09-27,BUY,71.93000030517578,42.7766309449282,4000000.0,3076.923076923077,15.033978715797671,고점대비 15.0% 하락 (매수단계: 3),119940848.6076399,6085.904504038259,112029172.75239016
2024-09-30,SELL,72.48999786376953,42.7766309449282,4031141.251562234,3100.877885817103,15.033978715797671,드로우다운 4.4% 회복,124033584.73122393,95410.44979324918,116060314.0039524
2024-09-30,BUY,72.48999786376953,21.223087098895626,2000000.0,1538.4615384615386,14.372491655034317,고점대비 14.4% 하락 (매수단계: 2),120002443.4796617,4570.86882746869,114060314.0039524
2024-10-01,BUY,69.41999816894531,44.32329527631021,4000000.0,3076.923076923077,17.998873669579645,고점대비 18.0% 하락 (매수단계: 3),119750790.33833706,7454.212564911281,110060314.0039524
2024-10-02,SELL,69.68000030517578,44.32329527631021,4014981.396893599,3088.4472283796918,17.998873669579645,드로우다운 1.7% 회복,123802065.95324403,95232.35842557233,114075295.400846
2024-10-02,BUY,69.68000030517578,44.157908488047546,4000000.0,3076.923076923077,17.691750814760102,고점대비 17.7% 하락 (매수단계: 3),119787084.55635044,7470.607042695713,110075295.400846
2024-10-03,BUY,69.5199966430664,44.25954006759802,4000000.0,3076.923076923077,17.88075226759837,고점대비 17.9% 하락 (매수단계: 3),119764783.72650386,10530.375635121427,106075295.400846
2024-10-04,SELL,71.97000122070312,44.157908488047546,4131458.1461250223,3178.0447277884787,17.691750814760102,드로우다운 15.3% 회복,124378683.050461,95675.91003881615,110206753.54697102
2024-10-04,SELL,71.97000122070312,44.25954006759802,4140966.8985006246,3185.359152692788,17.88075226759837,드로우다운 16.2% 회복,128519649.94896162,98861.26919150894,114347720.44547164
2024-10-04,BUY,71.97000122070312,21.376427850038436,2000000.0,1538.4615384615386,14.986728352588106,고점대비 15.0% 하락 (매수단계: 2),120247224.90433598,6076.541891434101,112347720.44547164
2024-10-07,BUY,69.5999984741211,44.20866586753086,4000000.0,3076.923076923077,17.786251541179237,고점대비 17.8% 하락 (매수단계: 3),119987090.86311604,8953.361859726456,108347720.44547164
2024-10-08,SELL,72.62000274658203,21.223087098895626,2003586.836436575,1541.22064341275,14.372491655034317,드로우다운 1.1% 회복,122495720.0725508,94227.47697888523,110351307.28190821
2024-10-08,SELL,72.62000274658203,21.376427850038436,2018063.123936475,1552.3562491819039,14.986728352588106,드로우다운 5.1% 회복,124513783.19648728,95779.83322806713,112369370.40584469
2024-10-08,SELL,72.62000274658203,44.20866586753086,4173563.467739664,3210.4334367228184,17.786251541179237,드로우다운 20.1% 회복,128687346.66422695,98990.26666478996,116542933.87358436
2024-10-08,BUY,72.62000274658203,21.18509336649603,2000000.0,1538.4615384615386,14.218925721581899,고점대비 14.2% 하락 (매수단계: 2),120492133.23611425,4576.307201946063,114542933.87358436
2024-10-09,SELL,74.37000274658203,20.81197357908903,2012122.4919102371,1547.786532238644,12.681031389904177,드로우다운 4.2% 회복,122647619.79426885,94344.32291866835,116555056.3654946
2024-10-09,SELL,74.37000274658203,21.020105029962053,2032244.849455237,1563.2652688117207,13.545623816994828,드로우다운 10.3% 회복,124679864.64372408,95907.58818748007,118587301.21494983
2024-10-09,SELL,74.37000274658203,21.18509336649603,2048196.0874087785,1575.5354518529066,14.218925721581899,드로우다운 14.5% 회복,126728060.73113286,97483.12363933297,120635497.30235861
2024-10-09,BUY,74.37000274658203,20.686587086784055,2000000.0,1538.4615384615386,12.15176964461112,고점대비 12.2% 하락 (매수단계: 2),120635497.30235861,1538.4615384615386,118635497.30235861
2024-10-10,BUY,74.11000061035156,20.759162404414404,2000000.0,1538.4615384615386,12.458892499430661,고점대비 12.5% 하락 (매수단계: 2),120628505.17847456,3071.5445200891954,116635497.30235861
2024-10-11,SELL,74.30000305175781,20.759162404414404,2005127.5789999042,1542.4058299999263,12.458892499430661,드로우다운 1.8% 회복,122643869.98914048,94341.43845318498,118640624.88135852
2024-10-11,BUY,74.30000305175781,20.706076383197956,2000000.0,1538.4615384615386,12.234455527206539,고점대비 12.2% 하락 (매수단계: 2),120638742.41014057,3075.4750221400477,116640624.88135852
2024-10-14,SELL,76.19999694824219,20.686587086784055,2049213.2347472385,1576.3178728824912,12.15176964461112,드로우다운 17.8% 회복,122790195.19522569,94453.99630401976,118689838.11610577
2024-10-14,SELL,76.19999694824219,20.706076383197956,2051143.8443726802,1577.802957209754,12.234455527206539,드로우다운 18.3% 회복,124841339.03959836,96031.7992612295,120740981.96047844
2024-10-14,BUY,76.19999694824219,10.094892388949292,1000000.0,769.2307692307693,9.990121853306503,고점대비 10.0% 하락 (매수단계: 1),120740981.96047844,769.2307692307694,119740981.96047844
2024-10-15,BUY,73.16000366210938,21.028724186058646,2000000.0,1538.4615384615386,13.58105933638068,고점대비 13.6% 하락 (매수단계: 2),120701087.03386581,2277.003902605669,117740981.96047844
2024-10-16,BUY,73.12000274658203,21.040228127363594,2000000.0,1538.4615384615386,13.628309699590247,고점대비 13.6% 하락 (매수단계: 2),120699468.56876104,3814.2204679096853,115740981.96047844
2024-10-17,SELL,73.33999633789062,21.028724186058646,2004920.521234869,1542.246554796053,13.58105933638068,드로우다운 1.6% 회복,122719307.5149882,94399.46731922169,117745902.48171331
2024-10-17,SELL,73.33999633789062,21.040228127363594,2006017.329951998,1543.0902538092294,13.628309699590247,드로우다운 1.9% 회복,124725324.8449402,95942.55757303092,119751919.81166531
2024-10-17,BUY,73.33999633789062,20.9771150161171,2000000.0,1538.4615384615386,13.36844622006557,고점대비 13.4% 하락 (매수단계: 2),120714386.99375333,2278.82090929848,117751919.81166531
2024-10-18,SELL,74.63999938964844,20.9771150161171,2035451.407599435,1565.7318519995654,13.36844622006557,드로우다운 11.5% 회복,122802350.21713884,94463.34632087604,119787371.21926475
2024-10-18,BUY,74.63999938964844,20.61175711471003,2000000.0,1538.4615384615386,11.83284095805316,고점대비 11.8% 하락 (매수단계: 2),120766898.80953941,2291.9443002112803,117787371.21926475
2024-10-21,SELL,75.05000305175781,20.61175711471003,2010986.1646694022,1546.9124343610786,11.83284095805316,드로우다운 4.1% 회복,122794251.76458071,94457.11674198517,119798357.38393416
2024-10-21,BUY,75.05000305175781,20.499153576323604,2000000.0,1538.4615384615386,11.348531494219062,고점대비 11.3% 하락 (매수단계: 2),120783265.5999113,2296.0832430593496,117798357.38393416
2024-10-22,SELL,75.2699966430664,20.499153576323604,2005862.5871382547,1542.9712208755805,11.348531494219062,드로우다운 2.3% 회복,122797877.8293075,94459.90602254422,119804219.9710724
2024-10-22,BUY,75.2699966430664,20.439240163075734,2000000.0,1538.4615384615386,11.088668014694385,고점대비 11.1% 하락 (매수단계: 2),120792015.24216923,2298.3040546898687,117804219.9710724
2024-10-23,BUY,71.79000091552734,42.86005067117327,4000000.0,3076.923076923077,15.19935048098851,고점대비 15.2% 하락 (매수단계: 3),120653878.99609652,5268.9684807877875,113804219.9710724
2024-10-24,SELL,73.5,42.86005067117327,4095277.841630606,3150.2137243312354,15.19935048098851,드로우다운 13.3% 회복,124912312.0196796,96086.393861292,117899497.81270301
2024-10-24,BUY,73.5,20.931449502878074,2000000.0,1538.4615384615386,13.179444767227299,고점대비 13.2% 하락 (매수단계: 2),120817034.178049,3782.720281035378,115899497.81270301
2024-10-25,SELL,74.73999786376953,20.931449502878074,2033741.4384699191,1564.416491130707,13.179444767227299,드로우다운 11.1% 회복,122933737.99186638,94564.41383989721,117933239.25117293
2024-10-25,BUY,74.73999786376953,20.584179588360854,2000000.0,1538.4615384615386,11.714719556071888,고점대비 11.7% 하락 (매수단계: 2),120899996.55339646,3820.582540171945,115933239.25117293
2024-10-28,SELL,74.80999755859375,20.584179588360854,2001873.15217621,1539.9024247509308,11.714719556071888,드로우다운 0.7% 회복,122906521.45169735,94543.47803976719,117935112.40334915
2024-10-28,BUY,74.80999755859375,20.564918976993187,2000000.0,1538.4615384615386,11.632033673476469,고점대비 11.6% 하락 (매수단계: 2),120904648.29952115,3822.7199201323087,115935112.40334915
2024-10-29,SELL,76.87999725341797,10.094892388949292,1008923.888876763,776.0952991359716,9.990121853306503,드로우다운 8.0% 회복,122051079.71579005,93885.44593522312,116944036.29222591
2024-10-29,SELL,76.87999725341797,20.439240163075734,2042779.3458789764,1571.3687275992127,11.088668014694385,드로우다운 17.2% 회복,124093859.06166902,95456.81466282232,118986815.63810489
2024-10-29,SELL,76.87999725341797,20.564918976993187,2055340.188808399,1581.0309144679993,11.632033673476469,드로우다운 21.0% 회복,126149199.25047742,97037.84557729033,121042155.82691328
2024-10-29,BUY,76.87999725341797,10.00560349521306,1000000.0,769.2307692307693,9.186883702914447,고점대비 9.2% 하락 (매수단계: 1),121042155.82691328,769.2307692307693,120042155.82691328
2024-10-30,BUY,75.16999816894531,20.466430436832407,2000000.0,1538.4615384615386,11.206789416675656,고점대비 11.2% 하락 (매수단계: 2),121019913.38225195,2290.5827348758976,118042155.82691328
2024-10-31,BUY,69.44999694824219,44.30414992265821,4000000.0,3076.923076923077,17.96343815019379,고점대비 18.0% 하락 (매수단계: 3),120793323.28957675,5193.205740510367,114042155.82691328
2024-11-01,SELL,70.93000030517578,44.30414992265821,4085241.377795111,3142.4933675347006,17.96343815019379,드로우다운 9.7% 회복,125022434.37143262,96171.10336264047,118127397.2047084
2024-11-01,BUY,70.93000030517578,43.3797132903516,4000000.0,3076.923076923077,16.215210759780973,고점대비 16.2% 하락 (매수단계: 3),120937192.9936375,5238.30445302239,114127397.2047084
2024-11-04,BUY,70.2699966430664,43.78715275243548,4000000.0,3076.923076923077,16.994828234610896,고점대비 17.0% 하락 (매수단계: 3),120873827.84293155,8266.485106325508,110127397.2047084
2024-11-05,SELL,72.94000244140625,43.3797132903516,4113351.311297474,3164.116393305749,16.215210759780973,드로우다운 14.6% 회복,125395504.6627851,96458.08050983469,114240748.51600587
2024-11-05,SELL,72.94000244140625,43.78715275243548,4151985.537264334,3193.8350286648724,16.994828234610896,드로우다운 18.6% 회복,129547490.20004943,99651.91553849957,118392734.0532702
2024-11-05,BUY,72.94000244140625,21.092150904401283,2000000.0,1538.4615384615386,13.840931827990655,고점대비 13.8% 하락 (매수단계: 2),121282153.35148762,3761.0917678595497,116392734.0532702
2024-11-06,SELL,78.86000061035156,10.00560349521306,1025754.467061269,789.0418977394377,9.186883702914447,드로우다운 25.5% 회복,122704745.66230829,94388.2658940833,117418488.52033147
2024-11-06,SELL,78.86000061035156,20.466430436832407,2098177.531762418,1613.9827167403214,11.206789416675656,드로우다운 38.9% 회복,124802923.19407071,96002.24861082362,119516666.0520939
2024-11-06,SELL,78.86000061035156,21.092150904401283,2162325.143153126,1663.3270331947124,13.840931827990655,드로우다운 50.5% 회복,126965248.33722384,97665.57564401835,121678991.19524702
2024-11-06,BUY,78.86000061035156,9.754384520379983,1000000.0,769.2307692307693,6.848040290509977,고점대비 6.8% 하락 (매수단계: 1),121678991.19524702,769.2307692307693,120678991.19524702
2024-11-07,SELL,82.55000305175781,9.754384520379983,1046791.8135030027,805.2244719253868,6.848040290509977,드로우다운 63.6% 회복,121725783.00875002,0.0,121725783.00875002
2024-11-14,BUY,80.05999755859375,9.60817877452207,1000000.0,769.2307692307693,5.4305654425641325,고점대비 5.4% 하락 (매수단계: 1),121725783.00875002,769.2307692307692,120725783.00875002
2024-11-15,BUY,74.2699966430664,20.714442008866904,2000000.0,1538.4615384615386,12.269900058677688,고점대비 12.3% 하락 (매수단계: 2),121653462.23567867,2252.060943791275,118725783.00875002
2024-11-18,SELL,75.7699966430664,20.714442008866904,2040393.1619172907,1569.533201474839,12.269900058677688,드로우다운 14.4% 회복,123752984.50812358,95194.60346778737,120766176.1706673
2024-11-18,BUY,75.7699966430664,20.30436329182972,2000000.0,1538.4615384615386,10.498051992702734,고점대비 10.5% 하락 (매수단계: 2),121712591.34620628,2266.4732119530577,118766176.1706673
2024-11-19,SELL,77.29000091552734,20.30436329182972,2040121.5346391345,1569.3242574147189,10.498051992702734,드로우다운 17.1% 회복,123811820.23010874,95239.86171546826,120806297.70530644
2024-11-19,BUY,77.29000091552734,9.95252633094785,1000000.0,769.2307692307693,8.702574239080349,고점대비 8.7% 하락 (매수단계: 1),121771698.69546962,1511.8469155101307,119806297.70530644
2024-11-20,BUY,77.19999694824219,9.96412952900103,1000000.0,769.2307692307693,8.808889809323201,고점대비 8.8% 하락 (매수단계: 1),121769409.99208851,2279.3171436785124,118806297.70530644
2024-11-21,SELL,77.95999908447266,9.95252633094785,1008668.6267435497,775.8989436488844,8.702574239080349,드로우다운 9.1% 회복,122807249.23744433,94467.11479803409,119814966.33205
2024-11-21,SELL,77.95999908447266,9.96412952900103,1009844.5876460333,776.8035289584872,8.808889809323201,드로우다운 10.2% 회복,123817093.82509036,95243.91832699259,120824810.91969603
2024-11-21,BUY,77.95999908447266,9.86699305110661,1000000.0,769.2307692307693,7.911150932512008,고점대비 7.9% 하락 (매수단계: 1),121798580.61070079,1518.2843776959594,119824810.91969603
2024-11-22,SELL,78.25,9.86699305110661,1003719.8681238199,772.0922062490922,7.911150932512008,드로우다운 4.3% 회복,122809642.64178193,94468.9558782938,120828530.78781985
2024-11-22,BUY,78.25,9.830425165888425,1000000.0,769.2307692307693,7.568592558306615,고점대비 7.6% 하락 (매수단계: 1),121805922.77365811,1521.0707583371213,119828530.78781985
